{"floor_plan_1":{"@attributes":{"available_date":"2020-04-25"},"ListResponse":{"ListResult":{"UnitObject":[{"PropertyNumberID":"1","BaseRentAmount":"1395.0000","FloorPlanMarketRent":"1395.0000","UnitMarketRent":"0.0000","NonRevenueFlag":"0","NonRefundFee":"0","DepositAmount":"150","Accessibility":{"HearingBit":"false","MobilityBit":"false","VisionBit":"false"},"Address":{"Address1":"1101 Ashford Circle Apt 405 ","BuildingID":"1","BuildingNumber":"N\/A","CityName":"Fredericksburg","CountryName":"US","CountyName":"Fredericksburg City","State":"VA","UnitID":"24","UnitNumber":"11-405","Zip":"22401"},"Availability":{"MadeReadyBit":"true","MadeReadyDate":"8\/1\/2019","AvailableDate":"1\/1\/2019","AvailableBit":"true","LastActionCode":"NEWUNIT","LastActionDesc":"new-unit","VacantDate":"1\/1\/2019","VacantBit":"true"},"FloorPlan":{"FloorPlanID":"1","FloorPlanCode":"A1","FloorPlanName":"A1","FloorPlanGroupName":"1x1","FloorPlanGroupID":"Z000000001"},"UnitDetails":{"Bedrooms":"1","Bathrooms":"1","GrossSqFtCount":"728","RentSqFtCount":"728","FloorNumber":"0","NoteDescription":"Quick Connect Installed"}},{"PropertyNumberID":"1","BaseRentAmount":"1395.0000","FloorPlanMarketRent":"1395.0000","UnitMarketRent":"0.0000","NonRevenueFlag":"0","NonRefundFee":"0","DepositAmount":"150","Accessibility":{"HearingBit":"false","MobilityBit":"false","VisionBit":"false"},"Address":{"Address1":"1101 Ashford Circle Apt 407 ","BuildingID":"1","BuildingNumber":"N\/A","CityName":"Fredericksburg","CountryName":"US","CountyName":"Fredericksburg City","State":"VA","UnitID":"25","UnitNumber":"11-407","Zip":"22401"},"Availability":{"MadeReadyBit":"true","MadeReadyDate":"8\/1\/2019","AvailableDate":"1\/1\/2019","AvailableBit":"true","LastActionCode":"NEWUNIT","LastActionDesc":"new-unit","VacantDate":"1\/1\/2019","VacantBit":"true"},"FloorPlan":{"FloorPlanID":"1","FloorPlanCode":"A1","FloorPlanName":"A1","FloorPlanGroupName":"1x1","FloorPlanGroupID":"Z000000001"},"UnitDetails":{"Bedrooms":"1","Bathrooms":"1","GrossSqFtCount":"728","RentSqFtCount":"728","FloorNumber":"0","NoteDescription":"Quick Connect Installed"}},{"PropertyNumberID":"1","BaseRentAmount":"1395.0000","FloorPlanMarketRent":"1395.0000","UnitMarketRent":"0.0000","NonRevenueFlag":"0","NonRefundFee":"0","DepositAmount":"150","Accessibility":{"HearingBit":"false","MobilityBit":"false","VisionBit":"false"},"Address":{"Address1":"1101 Ashford Circle Apt 413 ","BuildingID":"1","BuildingNumber":"N\/A","CityName":"Fredericksburg","CountryName":"US","CountyName":"Fredericksburg City","State":"VA","UnitID":"26","UnitNumber":"11-413","Zip":"22401"},"Availability":{"MadeReadyBit":"true","MadeReadyDate":"8\/1\/2019","AvailableDate":"1\/1\/2019","AvailableBit":"true","LastActionCode":"APTRUNIT","LastActionDesc":"changed-move-in-to-unit","VacantDate":"1\/1\/2019","VacantBit":"true"},"FloorPlan":{"FloorPlanID":"1","FloorPlanCode":"A1","FloorPlanName":"A1","FloorPlanGroupName":"1x1","FloorPlanGroupID":"Z000000001"},"UnitDetails":{"Bedrooms":"1","Bathrooms":"1","GrossSqFtCount":"728","RentSqFtCount":"728","FloorNumber":"0","NoteDescription":"Quick Connect Installed"}},{"PropertyNumberID":"1","BaseRentAmount":"1395.0000","FloorPlanMarketRent":"1395.0000","UnitMarketRent":"0.0000","NonRevenueFlag":"0","NonRefundFee":"0","DepositAmount":"150","Accessibility":{"HearingBit":"false","MobilityBit":"false","VisionBit":"false"},"Address":{"Address1":"1101 Ashford Circle Apt 416 ","BuildingID":"1","BuildingNumber":"N\/A","CityName":"Fredericksburg","CountryName":"US","CountyName":"Fredericksburg City","State":"VA","UnitID":"28","UnitNumber":"11-416","Zip":"22401"},"Availability":{"MadeReadyBit":"true","MadeReadyDate":"8\/1\/2019","AvailableDate":"1\/1\/2019","AvailableBit":"true","LastActionCode":"NEWUNIT","LastActionDesc":"new-unit","VacantDate":"1\/1\/2019","VacantBit":"true"},"FloorPlan":{"FloorPlanID":"1","FloorPlanCode":"A1","FloorPlanName":"A1","FloorPlanGroupName":"1x1","FloorPlanGroupID":"Z000000001"},"UnitDetails":{"Bedrooms":"1","Bathrooms":"1","GrossSqFtCount":"728","RentSqFtCount":"728","FloorNumber":"0","NoteDescription":"Quick Connect Installed"}},{"PropertyNumberID":"1","BaseRentAmount":"1395.0000","FloorPlanMarketRent":"1395.0000","UnitMarketRent":"0.0000","NonRevenueFlag":"0","NonRefundFee":"0","DepositAmount":"150","Accessibility":{"HearingBit":"false","MobilityBit":"false","VisionBit":"false"},"Address":{"Address1":"1601 Ashford Circle Apt 203 ","BuildingID":"1","BuildingNumber":"N\/A","CityName":"Fredericksburg","CountryName":"US","CountyName":"Fredericksburg City","State":"VA","UnitID":"29","UnitNumber":"16-203","Zip":"22401"},"Availability":{"MadeReadyBit":"true","MadeReadyDate":"10\/4\/2019","AvailableDate":"1\/1\/2019","AvailableBit":"true","LastActionCode":"NEWUNIT","LastActionDesc":"new-unit","VacantDate":"1\/1\/2019","VacantBit":"true"},"FloorPlan":{"FloorPlanID":"1","FloorPlanCode":"A1","FloorPlanName":"A1","FloorPlanGroupName":"1x1","FloorPlanGroupID":"Z000000001"},"UnitDetails":{"Bedrooms":"1","Bathrooms":"1","GrossSqFtCount":"728","RentSqFtCount":"728","FloorNumber":"0","NoteDescription":"Quick Connect Installed"}},{"PropertyNumberID":"1","BaseRentAmount":"1395.0000","FloorPlanMarketRent":"1395.0000","UnitMarketRent":"0.0000","NonRevenueFlag":"0","NonRefundFee":"0","DepositAmount":"150","Accessibility":{"HearingBit":"false","MobilityBit":"false","VisionBit":"false"},"Address":{"Address1":"1601 Ashford Circle Apt 207 ","BuildingID":"1","BuildingNumber":"N\/A","CityName":"Fredericksburg","CountryName":"US","CountyName":"Fredericksburg City","State":"VA","UnitID":"31","UnitNumber":"16-207","Zip":"22401"},"Availability":{"MadeReadyBit":"true","MadeReadyDate":"10\/4\/2019","AvailableDate":"1\/1\/2019","AvailableBit":"true","LastActionCode":"APTRUNIT","LastActionDesc":"changed-move-in-to-unit","VacantDate":"1\/1\/2019","VacantBit":"true"},"FloorPlan":{"FloorPlanID":"1","FloorPlanCode":"A1","FloorPlanName":"A1","FloorPlanGroupName":"1x1","FloorPlanGroupID":"Z000000001"},"UnitDetails":{"Bedrooms":"1","Bathrooms":"1","GrossSqFtCount":"728","RentSqFtCount":"728","FloorNumber":"0","NoteDescription":"Quick Connect Installed"}},{"PropertyNumberID":"1","BaseRentAmount":"1445.0000","FloorPlanMarketRent":"1395.0000","UnitMarketRent":"0.0000","NonRevenueFlag":"0","NonRefundFee":"0","DepositAmount":"150","Accessibility":{"HearingBit":"false","MobilityBit":"false","VisionBit":"false"},"Address":{"Address1":"1101 Ashford Circle Apt 403 ","BuildingID":"1","BuildingNumber":"N\/A","CityName":"Fredericksburg","CountryName":"US","CountyName":"Fredericksburg City","State":"VA","UnitID":"23","UnitNumber":"11-403","Zip":"22401"},"Availability":{"MadeReadyBit":"true","MadeReadyDate":"10\/31\/2019","AvailableDate":"10\/8\/2019","AvailableBit":"true","LastActionCode":"TRNTV","LastActionDesc":"notice-to-transfer","VacantDate":"10\/8\/2019","VacantBit":"true"},"FloorPlan":{"FloorPlanID":"1","FloorPlanCode":"A1","FloorPlanName":"A1","FloorPlanGroupName":"1x1","FloorPlanGroupID":"Z000000001"},"UnitDetails":{"Bedrooms":"1","Bathrooms":"1","GrossSqFtCount":"728","RentSqFtCount":"728","FloorNumber":"0","NoteDescription":"Quick Connect Installed"}},{"PropertyNumberID":"1","BaseRentAmount":"1350.0000","FloorPlanMarketRent":"1395.0000","UnitMarketRent":"0.0000","NonRevenueFlag":"0","NonRefundFee":"0","DepositAmount":"150","Accessibility":{"HearingBit":"false","MobilityBit":"false","VisionBit":"false"},"Address":{"Address1":"1101 Ashford Circle Apt 116 ","BuildingID":"1","BuildingNumber":"N\/A","CityName":"Fredericksburg","CountryName":"US","CountyName":"Fredericksburg City","State":"VA","UnitID":"10","UnitNumber":"11-116","Zip":"22401"},"Availability":{"MadeReadyBit":"true","MadeReadyDate":"11\/18\/2019","AvailableDate":"11\/12\/2019","AvailableBit":"true","LastActionCode":"SKIP","LastActionDesc":"lease-skip-entered","VacantDate":"11\/13\/2019","VacantBit":"true"},"FloorPlan":{"FloorPlanID":"1","FloorPlanCode":"A1","FloorPlanName":"A1","FloorPlanGroupName":"1x1","FloorPlanGroupID":"Z000000001"},"UnitDetails":{"Bedrooms":"1","Bathrooms":"1","GrossSqFtCount":"728","RentSqFtCount":"728","FloorNumber":"0","NoteDescription":"Quick Connect Installed"}},{"PropertyNumberID":"1","BaseRentAmount":"1395.0000","FloorPlanMarketRent":"1395.0000","UnitMarketRent":"0.0000","NonRevenueFlag":"0","NonRefundFee":"0","DepositAmount":"150","Accessibility":{"HearingBit":"false","MobilityBit":"false","VisionBit":"false"},"Address":{"Address1":"1001 Ashford Circle Apt 303 ","BuildingID":"1","BuildingNumber":"N\/A","CityName":"Fredericksburg","CountryName":"US","CountyName":"Fredericksburg City","State":"VA","UnitID":"4","UnitNumber":"10-303","Zip":"22401"},"Availability":{"MadeReadyBit":"true","MadeReadyDate":"11\/20\/2019","AvailableDate":"1\/1\/2019","AvailableBit":"true","LastActionCode":"APTRUNIT","LastActionDesc":"changed-move-in-to-unit","VacantDate":"1\/1\/2019","VacantBit":"true"},"FloorPlan":{"FloorPlanID":"1","FloorPlanCode":"A1","FloorPlanName":"A1","FloorPlanGroupName":"1x1","FloorPlanGroupID":"Z000000001"},"UnitDetails":{"Bedrooms":"1","Bathrooms":"1","GrossSqFtCount":"728","RentSqFtCount":"728","FloorNumber":"0","NoteDescription":"Quick Connect Installed"}},{"PropertyNumberID":"1","BaseRentAmount":"1445.0000","FloorPlanMarketRent":"1395.0000","UnitMarketRent":"0.0000","NonRevenueFlag":"0","NonRefundFee":"0","DepositAmount":"150","Accessibility":{"HearingBit":"false","MobilityBit":"false","VisionBit":"false"},"Address":{"Address1":"1001 Ashford Circle Apt 403 ","BuildingID":"1","BuildingNumber":"N\/A","CityName":"Fredericksburg","CountryName":"US","CountyName":"Fredericksburg City","State":"VA","UnitID":"7","UnitNumber":"10-403","Zip":"22401"},"Availability":{"MadeReadyBit":"true","MadeReadyDate":"12\/3\/2019","AvailableDate":"1\/1\/2019","AvailableBit":"true","LastActionCode":"NEWUNIT","LastActionDesc":"new-unit","VacantDate":"1\/1\/2019","VacantBit":"true"},"FloorPlan":{"FloorPlanID":"1","FloorPlanCode":"A1","FloorPlanName":"A1","FloorPlanGroupName":"1x1","FloorPlanGroupID":"Z000000001"},"UnitDetails":{"Bedrooms":"1","Bathrooms":"1","GrossSqFtCount":"728","RentSqFtCount":"728","FloorNumber":"0","NoteDescription":"Quick Connect Installed"}},{"PropertyNumberID":"1","BaseRentAmount":"1445.0000","FloorPlanMarketRent":"1395.0000","UnitMarketRent":"0.0000","NonRevenueFlag":"0","NonRefundFee":"0","DepositAmount":"150","Accessibility":{"HearingBit":"false","MobilityBit":"false","VisionBit":"false"},"Address":{"Address1":"1001 Ashford Circle Apt 405 ","BuildingID":"1","BuildingNumber":"N\/A","CityName":"Fredericksburg","CountryName":"US","CountyName":"Fredericksburg City","State":"VA","UnitID":"8","UnitNumber":"10-405","Zip":"22401"},"Availability":{"MadeReadyBit":"true","MadeReadyDate":"12\/3\/2019","AvailableDate":"1\/1\/2019","AvailableBit":"true","LastActionCode":"NEWUNIT","LastActionDesc":"new-unit","VacantDate":"1\/1\/2019","VacantBit":"true"},"FloorPlan":{"FloorPlanID":"1","FloorPlanCode":"A1","FloorPlanName":"A1","FloorPlanGroupName":"1x1","FloorPlanGroupID":"Z000000001"},"UnitDetails":{"Bedrooms":"1","Bathrooms":"1","GrossSqFtCount":"728","RentSqFtCount":"728","FloorNumber":"0","NoteDescription":"Quick Connect Installed"}},{"PropertyNumberID":"1","BaseRentAmount":"1445.0000","FloorPlanMarketRent":"1395.0000","UnitMarketRent":"0.0000","NonRevenueFlag":"0","NonRefundFee":"0","DepositAmount":"150","Accessibility":{"HearingBit":"false","MobilityBit":"false","VisionBit":"false"},"Address":{"Address1":"1001 Ashford Circle Apt 407 ","BuildingID":"1","BuildingNumber":"N\/A","CityName":"Fredericksburg","CountryName":"US","CountyName":"Fredericksburg City","State":"VA","UnitID":"9","UnitNumber":"10-407","Zip":"22401"},"Availability":{"MadeReadyBit":"true","MadeReadyDate":"12\/3\/2019","AvailableDate":"1\/1\/2019","AvailableBit":"true","LastActionCode":"NEWUNIT","LastActionDesc":"new-unit","VacantDate":"1\/1\/2019","VacantBit":"true"},"FloorPlan":{"FloorPlanID":"1","FloorPlanCode":"A1","FloorPlanName":"A1","FloorPlanGroupName":"1x1","FloorPlanGroupID":"Z000000001"},"UnitDetails":{"Bedrooms":"1","Bathrooms":"1","GrossSqFtCount":"728","RentSqFtCount":"728","FloorNumber":"0","NoteDescription":{}}},{"PropertyNumberID":"1","BaseRentAmount":"1395.0000","FloorPlanMarketRent":"1395.0000","UnitMarketRent":"0.0000","NonRevenueFlag":"0","NonRefundFee":"0","DepositAmount":"150","Accessibility":{"HearingBit":"false","MobilityBit":"false","VisionBit":"false"},"Address":{"Address1":"1001 Ashford Circle Apt 203 ","BuildingID":"1","BuildingNumber":"N\/A","CityName":"Fredericksburg","CountryName":"US","CountyName":"Fredericksburg City","State":"VA","UnitID":"1","UnitNumber":"10-203","Zip":"22401"},"Availability":{"MadeReadyBit":"true","MadeReadyDate":"12\/3\/2019","AvailableDate":"1\/1\/2019","AvailableBit":"true","LastActionCode":"NEWUNIT","LastActionDesc":"new-unit","VacantDate":"1\/1\/2019","VacantBit":"true"},"FloorPlan":{"FloorPlanID":"1","FloorPlanCode":"A1","FloorPlanName":"A1","FloorPlanGroupName":"1x1","FloorPlanGroupID":"Z000000001"},"UnitDetails":{"Bedrooms":"1","Bathrooms":"1","GrossSqFtCount":"728","RentSqFtCount":"728","FloorNumber":"0","NoteDescription":"Quick Connect Installed"}},{"PropertyNumberID":"1","BaseRentAmount":"1395.0000","FloorPlanMarketRent":"1395.0000","UnitMarketRent":"0.0000","NonRevenueFlag":"0","NonRefundFee":"0","DepositAmount":"150","Accessibility":{"HearingBit":"false","MobilityBit":"false","VisionBit":"false"},"Address":{"Address1":"1001 Ashford Circle Apt 205 ","BuildingID":"1","BuildingNumber":"N\/A","CityName":"Fredericksburg","CountryName":"US","CountyName":"Fredericksburg City","State":"VA","UnitID":"2","UnitNumber":"10-205","Zip":"22401"},"Availability":{"MadeReadyBit":"true","MadeReadyDate":"12\/3\/2019","AvailableDate":"1\/1\/2019","AvailableBit":"true","LastActionCode":"NEWUNIT","LastActionDesc":"new-unit","VacantDate":"1\/1\/2019","VacantBit":"true"},"FloorPlan":{"FloorPlanID":"1","FloorPlanCode":"A1","FloorPlanName":"A1","FloorPlanGroupName":"1x1","FloorPlanGroupID":"Z000000001"},"UnitDetails":{"Bedrooms":"1","Bathrooms":"1","GrossSqFtCount":"728","RentSqFtCount":"728","FloorNumber":"0","NoteDescription":"Quick Connect Installed"}},{"PropertyNumberID":"1","BaseRentAmount":"1395.0000","FloorPlanMarketRent":"1395.0000","UnitMarketRent":"0.0000","NonRevenueFlag":"0","NonRefundFee":"0","DepositAmount":"150","Accessibility":{"HearingBit":"false","MobilityBit":"false","VisionBit":"false"},"Address":{"Address1":"1001 Ashford Circle Apt 207 ","BuildingID":"1","BuildingNumber":"N\/A","CityName":"Fredericksburg","CountryName":"US","CountyName":"Fredericksburg City","State":"VA","UnitID":"3","UnitNumber":"10-207","Zip":"22401"},"Availability":{"MadeReadyBit":"true","MadeReadyDate":"12\/3\/2019","AvailableDate":"1\/1\/2019","AvailableBit":"true","LastActionCode":"NEWUNIT","LastActionDesc":"new-unit","VacantDate":"1\/1\/2019","VacantBit":"true"},"FloorPlan":{"FloorPlanID":"1","FloorPlanCode":"A1","FloorPlanName":"A1","FloorPlanGroupName":"1x1","FloorPlanGroupID":"Z000000001"},"UnitDetails":{"Bedrooms":"1","Bathrooms":"1","GrossSqFtCount":"728","RentSqFtCount":"728","FloorNumber":"0","NoteDescription":{}}},{"PropertyNumberID":"1","BaseRentAmount":"1395.0000","FloorPlanMarketRent":"1395.0000","UnitMarketRent":"0.0000","NonRevenueFlag":"0","NonRefundFee":"0","DepositAmount":"150","Accessibility":{"HearingBit":"false","MobilityBit":"false","VisionBit":"false"},"Address":{"Address1":"1001 Ashford Circle Apt 307 ","BuildingID":"1","BuildingNumber":"N\/A","CityName":"Fredericksburg","CountryName":"US","CountyName":"Fredericksburg City","State":"VA","UnitID":"6","UnitNumber":"10-307","Zip":"22401"},"Availability":{"MadeReadyBit":"true","MadeReadyDate":"12\/3\/2019","AvailableDate":"1\/1\/2019","AvailableBit":"true","LastActionCode":"NEWUNIT","LastActionDesc":"new-unit","VacantDate":"1\/1\/2019","VacantBit":"true"},"FloorPlan":{"FloorPlanID":"1","FloorPlanCode":"A1","FloorPlanName":"A1","FloorPlanGroupName":"1x1","FloorPlanGroupID":"Z000000001"},"UnitDetails":{"Bedrooms":"1","Bathrooms":"1","GrossSqFtCount":"728","RentSqFtCount":"728","FloorNumber":"0","NoteDescription":"Quick Connect Installed"}},{"PropertyNumberID":"1","BaseRentAmount":"1395.0000","FloorPlanMarketRent":"1395.0000","UnitMarketRent":"0.0000","NonRevenueFlag":"0","NonRefundFee":"0","DepositAmount":"150","Accessibility":{"HearingBit":"false","MobilityBit":"false","VisionBit":"false"},"Address":{"Address1":"1101 Ashford Circle Apt 313 ","BuildingID":"1","BuildingNumber":"N\/A","CityName":"Fredericksburg","CountryName":"US","CountyName":"Fredericksburg City","State":"VA","UnitID":"20","UnitNumber":"11-313","Zip":"22401"},"Availability":{"MadeReadyBit":"false","MadeReadyDate":"2\/6\/2020","AvailableDate":"1\/31\/2020","AvailableBit":"true","LastActionCode":"SKIP","LastActionDesc":"lease-skip-entered","VacantDate":"8\/28\/2019","VacantBit":"false"},"FloorPlan":{"FloorPlanID":"1","FloorPlanCode":"A1","FloorPlanName":"A1","FloorPlanGroupName":"1x1","FloorPlanGroupID":"Z000000001"},"UnitDetails":{"Bedrooms":"1","Bathrooms":"1","GrossSqFtCount":"728","RentSqFtCount":"728","FloorNumber":"0"}}]}}},"floor_plan_4":{"@attributes":{"available_date":"2020-04-25"},"ListResponse":{"ListResult":{"UnitObject":[{"PropertyNumberID":"1","BaseRentAmount":"1500.0000","FloorPlanMarketRent":"1450.0000","UnitMarketRent":"0.0000","NonRevenueFlag":"0","NonRefundFee":"0","DepositAmount":"150","Accessibility":{"HearingBit":"false","MobilityBit":"false","VisionBit":"false"},"Address":{"Address1":"1101 Ashford Circle Apt 104 ","BuildingID":"1","BuildingNumber":"N\/A","CityName":"Fredericksburg","CountryName":"US","CountyName":"Fredericksburg City","State":"VA","UnitID":"103","UnitNumber":"11-104","Zip":"22401"},"Availability":{"MadeReadyBit":"true","MadeReadyDate":"8\/1\/2019","AvailableDate":"1\/1\/2019","AvailableBit":"true","LastActionCode":"NEWUNIT","LastActionDesc":"new-unit","VacantDate":"1\/1\/2019","VacantBit":"true"},"FloorPlan":{"FloorPlanID":"4","FloorPlanCode":"A2","FloorPlanName":"A2","FloorPlanGroupName":"1x1","FloorPlanGroupID":"Z000000001"},"UnitDetails":{"Bedrooms":"1","Bathrooms":"1","GrossSqFtCount":"838","RentSqFtCount":"838","FloorNumber":"0","NoteDescription":"Quick Connect Installed"}},{"PropertyNumberID":"1","BaseRentAmount":"1500.0000","FloorPlanMarketRent":"1450.0000","UnitMarketRent":"0.0000","NonRevenueFlag":"0","NonRefundFee":"0","DepositAmount":"150","Accessibility":{"HearingBit":"false","MobilityBit":"false","VisionBit":"false"},"Address":{"Address1":"1101 Ashford Circle Apt 106 ","BuildingID":"1","BuildingNumber":"N\/A","CityName":"Fredericksburg","CountryName":"US","CountyName":"Fredericksburg City","State":"VA","UnitID":"104","UnitNumber":"11-106","Zip":"22401"},"Availability":{"MadeReadyBit":"true","MadeReadyDate":"8\/1\/2019","AvailableDate":"1\/1\/2019","AvailableBit":"true","LastActionCode":"NEWUNIT","LastActionDesc":"new-unit","VacantDate":"1\/1\/2019","VacantBit":"true"},"FloorPlan":{"FloorPlanID":"4","FloorPlanCode":"A2","FloorPlanName":"A2","FloorPlanGroupName":"1x1","FloorPlanGroupID":"Z000000001"},"UnitDetails":{"Bedrooms":"1","Bathrooms":"1","GrossSqFtCount":"838","RentSqFtCount":"838","FloorNumber":"0","NoteDescription":"Quick Connect Installed"}},{"PropertyNumberID":"1","BaseRentAmount":"1475.0000","FloorPlanMarketRent":"1450.0000","UnitMarketRent":"0.0000","NonRevenueFlag":"0","NonRefundFee":"0","DepositAmount":"150","Accessibility":{"HearingBit":"false","MobilityBit":"false","VisionBit":"false"},"Address":{"Address1":"1101 Ashford Circle Apt 206 ","BuildingID":"1","BuildingNumber":"N\/A","CityName":"Fredericksburg","CountryName":"US","CountyName":"Fredericksburg City","State":"VA","UnitID":"108","UnitNumber":"11-206","Zip":"22401"},"Availability":{"MadeReadyBit":"true","MadeReadyDate":"8\/1\/2019","AvailableDate":"1\/1\/2019","AvailableBit":"true","LastActionCode":"APTRUNIT","LastActionDesc":"changed-move-in-to-unit","VacantDate":"1\/1\/2019","VacantBit":"true"},"FloorPlan":{"FloorPlanID":"4","FloorPlanCode":"A2","FloorPlanName":"A2","FloorPlanGroupName":"1x1","FloorPlanGroupID":"Z000000001"},"UnitDetails":{"Bedrooms":"1","Bathrooms":"1","GrossSqFtCount":"838","RentSqFtCount":"838","FloorNumber":"0","NoteDescription":"Quick Connect Installed"}},{"PropertyNumberID":"1","BaseRentAmount":"1500.0000","FloorPlanMarketRent":"1450.0000","UnitMarketRent":"0.0000","NonRevenueFlag":"0","NonRefundFee":"0","DepositAmount":"150","Accessibility":{"HearingBit":"false","MobilityBit":"false","VisionBit":"false"},"Address":{"Address1":"1101 Ashford Circle Apt 102  ","BuildingID":"1","BuildingNumber":"N\/A","CityName":"Fredericksburg","CountryName":"US","CountyName":"Fredericksburg City","State":"VA","UnitID":"102","UnitNumber":"11-102","Zip":"22401"},"Availability":{"MadeReadyBit":"true","MadeReadyDate":"9\/30\/2019","AvailableDate":"9\/26\/2019","AvailableBit":"true","LastActionCode":"SKIP","LastActionDesc":"lease-skip-entered","VacantDate":"9\/27\/2019","VacantBit":"true"},"FloorPlan":{"FloorPlanID":"4","FloorPlanCode":"A2","FloorPlanName":"A2","FloorPlanGroupName":"1x1","FloorPlanGroupID":"Z000000001"},"UnitDetails":{"Bedrooms":"1","Bathrooms":"1","GrossSqFtCount":"838","RentSqFtCount":"838","FloorNumber":"0","NoteDescription":"Quick Connect Installed"}},{"PropertyNumberID":"1","BaseRentAmount":"1500.0000","FloorPlanMarketRent":"1450.0000","UnitMarketRent":"0.0000","NonRevenueFlag":"0","NonRefundFee":"0","DepositAmount":"150","Accessibility":{"HearingBit":"false","MobilityBit":"false","VisionBit":"false"},"Address":{"Address1":"1601 Ashford Circle Apt 102 ","BuildingID":"1","BuildingNumber":"N\/A","CityName":"Fredericksburg","CountryName":"US","CountyName":"Fredericksburg City","State":"VA","UnitID":"110","UnitNumber":"16-102","Zip":"22401"},"Availability":{"MadeReadyBit":"true","MadeReadyDate":"10\/4\/2019","AvailableDate":"1\/1\/2019","AvailableBit":"true","LastActionCode":"NEWUNIT","LastActionDesc":"new-unit","VacantDate":"1\/1\/2019","VacantBit":"true"},"FloorPlan":{"FloorPlanID":"4","FloorPlanCode":"A2","FloorPlanName":"A2","FloorPlanGroupName":"1x1","FloorPlanGroupID":"Z000000001"},"UnitDetails":{"Bedrooms":"1","Bathrooms":"1","GrossSqFtCount":"838","RentSqFtCount":"838","FloorNumber":"0","NoteDescription":"Quick Connect Installed"}},{"PropertyNumberID":"1","BaseRentAmount":"1500.0000","FloorPlanMarketRent":"1450.0000","UnitMarketRent":"0.0000","NonRevenueFlag":"0","NonRefundFee":"0","DepositAmount":"150","Accessibility":{"HearingBit":"false","MobilityBit":"false","VisionBit":"false"},"Address":{"Address1":"1601 Ashford Circle Apt 106 ","BuildingID":"1","BuildingNumber":"N\/A","CityName":"Fredericksburg","CountryName":"US","CountyName":"Fredericksburg City","State":"VA","UnitID":"112","UnitNumber":"16-106","Zip":"22401"},"Availability":{"MadeReadyBit":"true","MadeReadyDate":"10\/4\/2019","AvailableDate":"1\/1\/2019","AvailableBit":"true","LastActionCode":"NEWUNIT","LastActionDesc":"new-unit","VacantDate":"1\/1\/2019","VacantBit":"true"},"FloorPlan":{"FloorPlanID":"4","FloorPlanCode":"A2","FloorPlanName":"A2","FloorPlanGroupName":"1x1","FloorPlanGroupID":"Z000000001"},"UnitDetails":{"Bedrooms":"1","Bathrooms":"1","GrossSqFtCount":"838","RentSqFtCount":"838","FloorNumber":"0","NoteDescription":"Quick Connect Installed"}},{"PropertyNumberID":"1","BaseRentAmount":"1475.0000","FloorPlanMarketRent":"1450.0000","UnitMarketRent":"0.0000","NonRevenueFlag":"0","NonRefundFee":"0","DepositAmount":"150","Accessibility":{"HearingBit":"false","MobilityBit":"false","VisionBit":"false"},"Address":{"Address1":"1001 Ashford Circle Apt 102 ","BuildingID":"1","BuildingNumber":"N\/A","CityName":"Fredericksburg","CountryName":"US","CountyName":"Fredericksburg City","State":"VA","UnitID":"94","UnitNumber":"10-102","Zip":"22401"},"Availability":{"MadeReadyBit":"true","MadeReadyDate":"12\/3\/2019","AvailableDate":"1\/1\/2019","AvailableBit":"true","LastActionCode":"LCANRJCT","LastActionDesc":"cancel-intent-to-move-in","VacantDate":"1\/1\/2019","VacantBit":"true"},"FloorPlan":{"FloorPlanID":"4","FloorPlanCode":"A2","FloorPlanName":"A2","FloorPlanGroupName":"1x1","FloorPlanGroupID":"Z000000001"},"UnitDetails":{"Bedrooms":"1","Bathrooms":"1","GrossSqFtCount":"838","RentSqFtCount":"838","FloorNumber":"0","NoteDescription":"Quick Connect Installed"}},{"PropertyNumberID":"1","BaseRentAmount":"1475.0000","FloorPlanMarketRent":"1450.0000","UnitMarketRent":"0.0000","NonRevenueFlag":"0","NonRefundFee":"0","DepositAmount":"150","Accessibility":{"HearingBit":"false","MobilityBit":"false","VisionBit":"false"},"Address":{"Address1":"1001 Ashford Circle Apt 104 ","BuildingID":"1","BuildingNumber":"N\/A","CityName":"Fredericksburg","CountryName":"US","CountyName":"Fredericksburg City","State":"VA","UnitID":"95","UnitNumber":"10-104","Zip":"22401"},"Availability":{"MadeReadyBit":"true","MadeReadyDate":"12\/3\/2019","AvailableDate":"1\/1\/2019","AvailableBit":"true","LastActionCode":"NEWUNIT","LastActionDesc":"new-unit","VacantDate":"1\/1\/2019","VacantBit":"true"},"FloorPlan":{"FloorPlanID":"4","FloorPlanCode":"A2","FloorPlanName":"A2","FloorPlanGroupName":"1x1","FloorPlanGroupID":"Z000000001"},"UnitDetails":{"Bedrooms":"1","Bathrooms":"1","GrossSqFtCount":"838","RentSqFtCount":"838","FloorNumber":"0","NoteDescription":"Quick Connect Installed"}},{"PropertyNumberID":"1","BaseRentAmount":"1475.0000","FloorPlanMarketRent":"1450.0000","UnitMarketRent":"0.0000","NonRevenueFlag":"0","NonRefundFee":"0","DepositAmount":"150","Accessibility":{"HearingBit":"false","MobilityBit":"false","VisionBit":"false"},"Address":{"Address1":"1001 Ashford Circle Apt 106 ","BuildingID":"1","BuildingNumber":"N\/A","CityName":"Fredericksburg","CountryName":"US","CountyName":"Fredericksburg City","State":"VA","UnitID":"96","UnitNumber":"10-106","Zip":"22401"},"Availability":{"MadeReadyBit":"true","MadeReadyDate":"12\/3\/2019","AvailableDate":"1\/1\/2019","AvailableBit":"true","LastActionCode":"LCANRJCT","LastActionDesc":"cancel-intent-to-move-in","VacantDate":"1\/1\/2019","VacantBit":"true"},"FloorPlan":{"FloorPlanID":"4","FloorPlanCode":"A2","FloorPlanName":"A2","FloorPlanGroupName":"1x1","FloorPlanGroupID":"Z000000001"},"UnitDetails":{"Bedrooms":"1","Bathrooms":"1","GrossSqFtCount":"838","RentSqFtCount":"838","FloorNumber":"0","NoteDescription":"Quick Connect Installed"}},{"PropertyNumberID":"1","BaseRentAmount":"1475.0000","FloorPlanMarketRent":"1450.0000","UnitMarketRent":"0.0000","NonRevenueFlag":"0","NonRefundFee":"0","DepositAmount":"150","Accessibility":{"HearingBit":"false","MobilityBit":"false","VisionBit":"false"},"Address":{"Address1":"1001 Ashford Circle Apt 108 ","BuildingID":"1","BuildingNumber":"N\/A","CityName":"Fredericksburg","CountryName":"US","CountyName":"Fredericksburg City","State":"VA","UnitID":"97","UnitNumber":"10-108","Zip":"22401"},"Availability":{"MadeReadyBit":"true","MadeReadyDate":"12\/3\/2019","AvailableDate":"1\/1\/2019","AvailableBit":"true","LastActionCode":"NEWUNIT","LastActionDesc":"new-unit","VacantDate":"1\/1\/2019","VacantBit":"true"},"FloorPlan":{"FloorPlanID":"4","FloorPlanCode":"A2","FloorPlanName":"A2","FloorPlanGroupName":"1x1","FloorPlanGroupID":"Z000000001"},"UnitDetails":{"Bedrooms":"1","Bathrooms":"1","GrossSqFtCount":"838","RentSqFtCount":"838","FloorNumber":"0","NoteDescription":"Quick Connect Installed"}},{"PropertyNumberID":"1","BaseRentAmount":"1450.0000","FloorPlanMarketRent":"1450.0000","UnitMarketRent":"0.0000","NonRevenueFlag":"0","NonRefundFee":"0","DepositAmount":"150","Accessibility":{"HearingBit":"false","MobilityBit":"false","VisionBit":"false"},"Address":{"Address1":"1001 Ashford Circle Apt 202 ","BuildingID":"1","BuildingNumber":"N\/A","CityName":"Fredericksburg","CountryName":"US","CountyName":"Fredericksburg City","State":"VA","UnitID":"98","UnitNumber":"10-202","Zip":"22401"},"Availability":{"MadeReadyBit":"true","MadeReadyDate":"12\/3\/2019","AvailableDate":"1\/1\/2019","AvailableBit":"true","LastActionCode":"NEWUNIT","LastActionDesc":"new-unit","VacantDate":"1\/1\/2019","VacantBit":"true"},"FloorPlan":{"FloorPlanID":"4","FloorPlanCode":"A2","FloorPlanName":"A2","FloorPlanGroupName":"1x1","FloorPlanGroupID":"Z000000001"},"UnitDetails":{"Bedrooms":"1","Bathrooms":"1","GrossSqFtCount":"838","RentSqFtCount":"838","FloorNumber":"0","NoteDescription":"Quick Connect Installed"}},{"PropertyNumberID":"1","BaseRentAmount":"1450.0000","FloorPlanMarketRent":"1450.0000","UnitMarketRent":"0.0000","NonRevenueFlag":"0","NonRefundFee":"0","DepositAmount":"150","Accessibility":{"HearingBit":"false","MobilityBit":"false","VisionBit":"false"},"Address":{"Address1":"1001 Ashford Circle Apt 204 ","BuildingID":"1","BuildingNumber":"N\/A","CityName":"Fredericksburg","CountryName":"US","CountyName":"Fredericksburg City","State":"VA","UnitID":"99","UnitNumber":"10-204","Zip":"22401"},"Availability":{"MadeReadyBit":"true","MadeReadyDate":"12\/3\/2019","AvailableDate":"1\/1\/2019","AvailableBit":"true","LastActionCode":"APTRUNIT","LastActionDesc":"changed-move-in-to-unit","VacantDate":"1\/1\/2019","VacantBit":"true"},"FloorPlan":{"FloorPlanID":"4","FloorPlanCode":"A2","FloorPlanName":"A2","FloorPlanGroupName":"1x1","FloorPlanGroupID":"Z000000001"},"UnitDetails":{"Bedrooms":"1","Bathrooms":"1","GrossSqFtCount":"838","RentSqFtCount":"838","FloorNumber":"0","NoteDescription":"Quick Connect Installed"}},{"PropertyNumberID":"1","BaseRentAmount":"1450.0000","FloorPlanMarketRent":"1450.0000","UnitMarketRent":"0.0000","NonRevenueFlag":"0","NonRefundFee":"0","DepositAmount":"150","Accessibility":{"HearingBit":"false","MobilityBit":"false","VisionBit":"false"},"Address":{"Address1":"1001 Ashford Circle Apt 206 ","BuildingID":"1","BuildingNumber":"N\/A","CityName":"Fredericksburg","CountryName":"US","CountyName":"Fredericksburg City","State":"VA","UnitID":"100","UnitNumber":"10-206","Zip":"22401"},"Availability":{"MadeReadyBit":"true","MadeReadyDate":"12\/3\/2019","AvailableDate":"1\/1\/2019","AvailableBit":"true","LastActionCode":"LCANRJCT","LastActionDesc":"cancel-intent-to-move-in","VacantDate":"1\/1\/2019","VacantBit":"true"},"FloorPlan":{"FloorPlanID":"4","FloorPlanCode":"A2","FloorPlanName":"A2","FloorPlanGroupName":"1x1","FloorPlanGroupID":"Z000000001"},"UnitDetails":{"Bedrooms":"1","Bathrooms":"1","GrossSqFtCount":"838","RentSqFtCount":"838","FloorNumber":"0","NoteDescription":"Quick Connect Installed"}},{"PropertyNumberID":"1","BaseRentAmount":"1450.0000","FloorPlanMarketRent":"1450.0000","UnitMarketRent":"0.0000","NonRevenueFlag":"0","NonRefundFee":"0","DepositAmount":"150","Accessibility":{"HearingBit":"false","MobilityBit":"false","VisionBit":"false"},"Address":{"Address1":"1001 Ashford Circle Apt 208 ","BuildingID":"1","BuildingNumber":"N\/A","CityName":"Fredericksburg","CountryName":"US","CountyName":"Fredericksburg City","State":"VA","UnitID":"101","UnitNumber":"10-208","Zip":"22401"},"Availability":{"MadeReadyBit":"true","MadeReadyDate":"12\/3\/2019","AvailableDate":"1\/1\/2019","AvailableBit":"true","LastActionCode":"NEWUNIT","LastActionDesc":"new-unit","VacantDate":"1\/1\/2019","VacantBit":"true"},"FloorPlan":{"FloorPlanID":"4","FloorPlanCode":"A2","FloorPlanName":"A2","FloorPlanGroupName":"1x1","FloorPlanGroupID":"Z000000001"},"UnitDetails":{"Bedrooms":"1","Bathrooms":"1","GrossSqFtCount":"838","RentSqFtCount":"838","FloorNumber":"0","NoteDescription":{}}}]}}},"floor_plan_6":{"@attributes":{"available_date":"2020-04-25"},"ListResponse":{"ListResult":{"UnitObject":[{"PropertyNumberID":"1","BaseRentAmount":"1645.0000","FloorPlanMarketRent":"1595.0000","UnitMarketRent":"0.0000","NonRevenueFlag":"0","NonRefundFee":"0","DepositAmount":"150","Accessibility":{"HearingBit":"false","MobilityBit":"false","VisionBit":"false"},"Address":{"Address1":"1601 Ashford Circle Apt 412 ","BuildingID":"1","BuildingNumber":"N\/A","CityName":"Fredericksburg","CountryName":"US","CountyName":"Fredericksburg City","State":"VA","UnitID":"212","UnitNumber":"16-412","Zip":"22401"},"Availability":{"MadeReadyBit":"true","MadeReadyDate":"10\/4\/2019","AvailableDate":"1\/1\/2019","AvailableBit":"true","LastActionCode":"APTRUNIT","LastActionDesc":"changed-move-in-to-unit","VacantDate":"1\/1\/2019","VacantBit":"true"},"FloorPlan":{"FloorPlanID":"6","FloorPlanCode":"B1","FloorPlanName":"B1","FloorPlanGroupName":"2x2","FloorPlanGroupID":"Z000000005"},"UnitDetails":{"Bedrooms":"2","Bathrooms":"2","GrossSqFtCount":"997","RentSqFtCount":"997","FloorNumber":"0","NoteDescription":"Quick Connect Installed"}},{"PropertyNumberID":"1","BaseRentAmount":"1670.0000","FloorPlanMarketRent":"1595.0000","UnitMarketRent":"0.0000","NonRevenueFlag":"0","NonRefundFee":"0","DepositAmount":"150","Accessibility":{"HearingBit":"false","MobilityBit":"false","VisionBit":"false"},"Address":{"Address1":"1001 Ashford Circle Apt 412 ","BuildingID":"1","BuildingNumber":"N\/A","CityName":"Fredericksburg","CountryName":"US","CountyName":"Fredericksburg City","State":"VA","UnitID":"196","UnitNumber":"10-412","Zip":"22401"},"Availability":{"MadeReadyBit":"true","MadeReadyDate":"12\/3\/2019","AvailableDate":"1\/1\/2019","AvailableBit":"true","LastActionCode":"NEWUNIT","LastActionDesc":"new-unit","VacantDate":"1\/1\/2019","VacantBit":"true"},"FloorPlan":{"FloorPlanID":"6","FloorPlanCode":"B1","FloorPlanName":"B1","FloorPlanGroupName":"2x2","FloorPlanGroupID":"Z000000005"},"UnitDetails":{"Bedrooms":"2","Bathrooms":"2","GrossSqFtCount":"997","RentSqFtCount":"997","FloorNumber":"0","NoteDescription":{}}},{"PropertyNumberID":"1","BaseRentAmount":"1670.0000","FloorPlanMarketRent":"1595.0000","UnitMarketRent":"0.0000","NonRevenueFlag":"0","NonRefundFee":"0","DepositAmount":"150","Accessibility":{"HearingBit":"false","MobilityBit":"false","VisionBit":"false"},"Address":{"Address1":"1001 Ashford Circle Apt 414 ","BuildingID":"1","BuildingNumber":"N\/A","CityName":"Fredericksburg","CountryName":"US","CountyName":"Fredericksburg City","State":"VA","UnitID":"197","UnitNumber":"10-414","Zip":"22401"},"Availability":{"MadeReadyBit":"true","MadeReadyDate":"12\/3\/2019","AvailableDate":"1\/1\/2019","AvailableBit":"true","LastActionCode":"NEWUNIT","LastActionDesc":"new-unit","VacantDate":"1\/1\/2019","VacantBit":"true"},"FloorPlan":{"FloorPlanID":"6","FloorPlanCode":"B1","FloorPlanName":"B1","FloorPlanGroupName":"2x2","FloorPlanGroupID":"Z000000005"},"UnitDetails":{"Bedrooms":"2","Bathrooms":"2","GrossSqFtCount":"997","RentSqFtCount":"997","FloorNumber":"0","NoteDescription":{}}},{"PropertyNumberID":"1","BaseRentAmount":"1645.0000","FloorPlanMarketRent":"1595.0000","UnitMarketRent":"0.0000","NonRevenueFlag":"0","NonRefundFee":"0","DepositAmount":"150","Accessibility":{"HearingBit":"false","MobilityBit":"false","VisionBit":"false"},"Address":{"Address1":"1001 Ashford Circle Apt 112 ","BuildingID":"1","BuildingNumber":"N\/A","CityName":"Fredericksburg","CountryName":"US","CountyName":"Fredericksburg City","State":"VA","UnitID":"190","UnitNumber":"10-112","Zip":"22401"},"Availability":{"MadeReadyBit":"true","MadeReadyDate":"12\/3\/2019","AvailableDate":"1\/1\/2019","AvailableBit":"true","LastActionCode":"NEWUNIT","LastActionDesc":"new-unit","VacantDate":"1\/1\/2019","VacantBit":"true"},"FloorPlan":{"FloorPlanID":"6","FloorPlanCode":"B1","FloorPlanName":"B1","FloorPlanGroupName":"2x2","FloorPlanGroupID":"Z000000005"},"UnitDetails":{"Bedrooms":"2","Bathrooms":"2","GrossSqFtCount":"997","RentSqFtCount":"997","FloorNumber":"0","NoteDescription":"Quick Connect Installed"}},{"PropertyNumberID":"1","BaseRentAmount":"1645.0000","FloorPlanMarketRent":"1595.0000","UnitMarketRent":"0.0000","NonRevenueFlag":"0","NonRefundFee":"0","DepositAmount":"150","Accessibility":{"HearingBit":"false","MobilityBit":"false","VisionBit":"false"},"Address":{"Address1":"1001 Ashford Circle Apt 114 ","BuildingID":"1","BuildingNumber":"N\/A","CityName":"Fredericksburg","CountryName":"US","CountyName":"Fredericksburg City","State":"VA","UnitID":"191","UnitNumber":"10-114","Zip":"22401"},"Availability":{"MadeReadyBit":"true","MadeReadyDate":"12\/3\/2019","AvailableDate":"1\/1\/2019","AvailableBit":"true","LastActionCode":"NEWUNIT","LastActionDesc":"new-unit","VacantDate":"1\/1\/2019","VacantBit":"true"},"FloorPlan":{"FloorPlanID":"6","FloorPlanCode":"B1","FloorPlanName":"B1","FloorPlanGroupName":"2x2","FloorPlanGroupID":"Z000000005"},"UnitDetails":{"Bedrooms":"2","Bathrooms":"2","GrossSqFtCount":"997","RentSqFtCount":"997","FloorNumber":"0","NoteDescription":"Quick Connect Installed"}}]}}},"floor_plan_7":{"@attributes":{"available_date":"2020-04-25"},"ListResponse":{"ListResult":{"UnitObject":[{"PropertyNumberID":"1","BaseRentAmount":"1695.0000","FloorPlanMarketRent":"1695.0000","UnitMarketRent":"0.0000","NonRevenueFlag":"0","NonRefundFee":"0","DepositAmount":"150","Accessibility":{"HearingBit":"false","MobilityBit":"false","VisionBit":"false"},"Address":{"Address1":"1601 Ashford Circle Apt 301 ","BuildingID":"1","BuildingNumber":"N\/A","CityName":"Fredericksburg","CountryName":"US","CountyName":"Fredericksburg City","State":"VA","UnitID":"249","UnitNumber":"16-301","Zip":"22401"},"Availability":{"MadeReadyBit":"true","MadeReadyDate":"10\/4\/2019","AvailableDate":"1\/1\/2019","AvailableBit":"true","LastActionCode":"NEWUNIT","LastActionDesc":"new-unit","VacantDate":"1\/1\/2019","VacantBit":"true"},"FloorPlan":{"FloorPlanID":"7","FloorPlanCode":"B2","FloorPlanName":"B2","FloorPlanGroupName":"2x2","FloorPlanGroupID":"Z000000005"},"UnitDetails":{"Bedrooms":"2","Bathrooms":"2","GrossSqFtCount":"1133","RentSqFtCount":"1133","FloorNumber":"0","NoteDescription":"Quick Connect Installed"}},{"PropertyNumberID":"1","BaseRentAmount":"1745.0000","FloorPlanMarketRent":"1695.0000","UnitMarketRent":"0.0000","NonRevenueFlag":"0","NonRefundFee":"0","DepositAmount":"150","Accessibility":{"HearingBit":"false","MobilityBit":"false","VisionBit":"false"},"Address":{"Address1":"1001 Ashford Circle Apt 401 ","BuildingID":"1","BuildingNumber":"N\/A","CityName":"Fredericksburg","CountryName":"US","CountyName":"Fredericksburg City","State":"VA","UnitID":"242","UnitNumber":"10-401","Zip":"22401"},"Availability":{"MadeReadyBit":"true","MadeReadyDate":"12\/3\/2019","AvailableDate":"1\/1\/2019","AvailableBit":"true","LastActionCode":"NEWUNIT","LastActionDesc":"new-unit","VacantDate":"1\/1\/2019","VacantBit":"true"},"FloorPlan":{"FloorPlanID":"7","FloorPlanCode":"B2","FloorPlanName":"B2","FloorPlanGroupName":"2x2","FloorPlanGroupID":"Z000000005"},"UnitDetails":{"Bedrooms":"2","Bathrooms":"2","GrossSqFtCount":"1133","RentSqFtCount":"1133","FloorNumber":"0","NoteDescription":"Quick Connect Installed"}},{"PropertyNumberID":"1","BaseRentAmount":"1745.0000","FloorPlanMarketRent":"1695.0000","UnitMarketRent":"0.0000","NonRevenueFlag":"0","NonRefundFee":"0","DepositAmount":"150","Accessibility":{"HearingBit":"false","MobilityBit":"false","VisionBit":"false"},"Address":{"Address1":"1001 Ashford Circle Apt 415 ","BuildingID":"1","BuildingNumber":"N\/A","CityName":"Fredericksburg","CountryName":"US","CountyName":"Fredericksburg City","State":"VA","UnitID":"243","UnitNumber":"10-415","Zip":"22401"},"Availability":{"MadeReadyBit":"true","MadeReadyDate":"12\/3\/2019","AvailableDate":"1\/1\/2019","AvailableBit":"true","LastActionCode":"NEWUNIT","LastActionDesc":"new-unit","VacantDate":"1\/1\/2019","VacantBit":"true"},"FloorPlan":{"FloorPlanID":"7","FloorPlanCode":"B2","FloorPlanName":"B2","FloorPlanGroupName":"2x2","FloorPlanGroupID":"Z000000005"},"UnitDetails":{"Bedrooms":"2","Bathrooms":"2","GrossSqFtCount":"1133","RentSqFtCount":"1133","FloorNumber":"0","NoteDescription":{}}},{"PropertyNumberID":"1","BaseRentAmount":"1695.0000","FloorPlanMarketRent":"1695.0000","UnitMarketRent":"0.0000","NonRevenueFlag":"0","NonRefundFee":"0","DepositAmount":"150","Accessibility":{"HearingBit":"false","MobilityBit":"false","VisionBit":"false"},"Address":{"Address1":"1001 Ashford Circle Apt 201 ","BuildingID":"1","BuildingNumber":"N\/A","CityName":"Fredericksburg","CountryName":"US","CountyName":"Fredericksburg City","State":"VA","UnitID":"238","UnitNumber":"10-201","Zip":"22401"},"Availability":{"MadeReadyBit":"true","MadeReadyDate":"12\/3\/2019","AvailableDate":"1\/1\/2019","AvailableBit":"true","LastActionCode":"NEWUNIT","LastActionDesc":"new-unit","VacantDate":"1\/1\/2019","VacantBit":"true"},"FloorPlan":{"FloorPlanID":"7","FloorPlanCode":"B2","FloorPlanName":"B2","FloorPlanGroupName":"2x2","FloorPlanGroupID":"Z000000005"},"UnitDetails":{"Bedrooms":"2","Bathrooms":"2","GrossSqFtCount":"1133","RentSqFtCount":"1133","FloorNumber":"0","NoteDescription":"Quick Connect Installed"}},{"PropertyNumberID":"1","BaseRentAmount":"1695.0000","FloorPlanMarketRent":"1695.0000","UnitMarketRent":"0.0000","NonRevenueFlag":"0","NonRefundFee":"0","DepositAmount":"150","Accessibility":{"HearingBit":"false","MobilityBit":"false","VisionBit":"false"},"Address":{"Address1":"1001 Ashford Circle Apt 215 ","BuildingID":"1","BuildingNumber":"N\/A","CityName":"Fredericksburg","CountryName":"US","CountyName":"Fredericksburg City","State":"VA","UnitID":"239","UnitNumber":"10-215","Zip":"22401"},"Availability":{"MadeReadyBit":"true","MadeReadyDate":"12\/3\/2019","AvailableDate":"1\/1\/2019","AvailableBit":"true","LastActionCode":"NEWUNIT","LastActionDesc":"new-unit","VacantDate":"1\/1\/2019","VacantBit":"true"},"FloorPlan":{"FloorPlanID":"7","FloorPlanCode":"B2","FloorPlanName":"B2","FloorPlanGroupName":"2x2","FloorPlanGroupID":"Z000000005"},"UnitDetails":{"Bedrooms":"2","Bathrooms":"2","GrossSqFtCount":"1133","RentSqFtCount":"1133","FloorNumber":"0","NoteDescription":"Quick Connect Installed"}},{"PropertyNumberID":"1","BaseRentAmount":"1695.0000","FloorPlanMarketRent":"1695.0000","UnitMarketRent":"0.0000","NonRevenueFlag":"0","NonRefundFee":"0","DepositAmount":"150","Accessibility":{"HearingBit":"false","MobilityBit":"false","VisionBit":"false"},"Address":{"Address1":"1001 Ashford Circle Apt 301 ","BuildingID":"1","BuildingNumber":"N\/A","CityName":"Fredericksburg","CountryName":"US","CountyName":"Fredericksburg City","State":"VA","UnitID":"240","UnitNumber":"10-301","Zip":"22401"},"Availability":{"MadeReadyBit":"true","MadeReadyDate":"12\/3\/2019","AvailableDate":"1\/1\/2019","AvailableBit":"true","LastActionCode":"NEWUNIT","LastActionDesc":"new-unit","VacantDate":"1\/1\/2019","VacantBit":"true"},"FloorPlan":{"FloorPlanID":"7","FloorPlanCode":"B2","FloorPlanName":"B2","FloorPlanGroupName":"2x2","FloorPlanGroupID":"Z000000005"},"UnitDetails":{"Bedrooms":"2","Bathrooms":"2","GrossSqFtCount":"1133","RentSqFtCount":"1133","FloorNumber":"0","NoteDescription":"Quick Connect Installed"}}]}}},"floor_plan_12":{"@attributes":{"available_date":"2020-04-25"},"ListResponse":{"ListResult":{}}},"floor_plan_13":{"@attributes":{"available_date":"2020-04-25"},"ListResponse":{"ListResult":{"UnitObject":[{"PropertyNumberID":"1","BaseRentAmount":"1820.0000","FloorPlanMarketRent":"1795.0000","UnitMarketRent":"0.0000","NonRevenueFlag":"0","NonRefundFee":"0","DepositAmount":"150","Accessibility":{"HearingBit":"false","MobilityBit":"false","VisionBit":"false"},"Address":{"Address1":"1601 Ashford Circle Apt 111 ","BuildingID":"1","BuildingNumber":"N\/A","CityName":"Fredericksburg","CountryName":"US","CountyName":"Fredericksburg City","State":"VA","UnitID":"336","UnitNumber":"16-111","Zip":"22401"},"Availability":{"MadeReadyBit":"true","MadeReadyDate":"10\/4\/2019","AvailableDate":"1\/1\/2019","AvailableBit":"true","LastActionCode":"NEWUNIT","LastActionDesc":"new-unit","VacantDate":"1\/1\/2019","VacantBit":"true"},"FloorPlan":{"FloorPlanID":"13","FloorPlanCode":"B4","FloorPlanName":"B4","FloorPlanGroupName":"2x2","FloorPlanGroupID":"Z000000005"},"UnitDetails":{"Bedrooms":"2","Bathrooms":"2","GrossSqFtCount":"1233","RentSqFtCount":"1233","FloorNumber":"0","NoteDescription":"Mini Model; Quick Connect Installed"}},{"PropertyNumberID":"1","BaseRentAmount":"1795.0000","FloorPlanMarketRent":"1795.0000","UnitMarketRent":"0.0000","NonRevenueFlag":"0","NonRefundFee":"0","DepositAmount":"150","Accessibility":{"HearingBit":"false","MobilityBit":"false","VisionBit":"false"},"Address":{"Address1":"1601 Ashford Circle Apt 211 ","BuildingID":"1","BuildingNumber":"N\/A","CityName":"Fredericksburg","CountryName":"US","CountyName":"Fredericksburg City","State":"VA","UnitID":"337","UnitNumber":"16-211","Zip":"22401"},"Availability":{"MadeReadyBit":"true","MadeReadyDate":"10\/4\/2019","AvailableDate":"1\/1\/2019","AvailableBit":"true","LastActionCode":"APTRUNIT","LastActionDesc":"changed-move-in-to-unit","VacantDate":"1\/1\/2019","VacantBit":"true"},"FloorPlan":{"FloorPlanID":"13","FloorPlanCode":"B4","FloorPlanName":"B4","FloorPlanGroupName":"2x2","FloorPlanGroupID":"Z000000005"},"UnitDetails":{"Bedrooms":"2","Bathrooms":"2","GrossSqFtCount":"1233","RentSqFtCount":"1233","FloorNumber":"0","NoteDescription":"Quick Connect Installed"}}]}}},"floor_plan_14":{"@attributes":{"available_date":"2020-04-25"},"ListResponse":{"ListResult":{"UnitObject":[{"PropertyNumberID":"1","BaseRentAmount":"2575.0000","FloorPlanMarketRent":"2550.0000","UnitMarketRent":"0.0000","NonRevenueFlag":"0","NonRefundFee":"0","DepositAmount":"150","Accessibility":{"HearingBit":"false","MobilityBit":"false","VisionBit":"false"},"Address":{"Address1":"1101 Ashford Cirlce Apt 310 ","BuildingID":"1","BuildingNumber":"N\/A","CityName":"Fredericksburg","CountryName":"US","CountyName":"Fredericksburg City","State":"VA","UnitID":"356","UnitNumber":"11-310","Zip":"22401"},"Availability":{"MadeReadyBit":"true","MadeReadyDate":"8\/1\/2019","AvailableDate":"1\/1\/2019","AvailableBit":"true","LastActionCode":"LCANRJCT","LastActionDesc":"cancel-intent-to-move-in","VacantDate":"1\/1\/2019","VacantBit":"true"},"FloorPlan":{"FloorPlanID":"14","FloorPlanCode":"C1","FloorPlanName":"C1","FloorPlanGroupName":"3x2","FloorPlanGroupID":"Z000000007"},"UnitDetails":{"Bedrooms":"3","Bathrooms":"2","GrossSqFtCount":"1526","RentSqFtCount":"1526","FloorNumber":"0","NoteDescription":"Mini Model; Quick Connect Installed"}},{"PropertyNumberID":"1","BaseRentAmount":"2575.0000","FloorPlanMarketRent":"2550.0000","UnitMarketRent":"0.0000","NonRevenueFlag":"0","NonRefundFee":"0","DepositAmount":"150","Accessibility":{"HearingBit":"false","MobilityBit":"false","VisionBit":"false"},"Address":{"Address1":"1601 Ashford Circle Apt 210 ","BuildingID":"1","BuildingNumber":"N\/A","CityName":"Fredericksburg","CountryName":"US","CountyName":"Fredericksburg City","State":"VA","UnitID":"358","UnitNumber":"16-210","Zip":"22401"},"Availability":{"MadeReadyBit":"true","MadeReadyDate":"10\/4\/2019","AvailableDate":"1\/1\/2019","AvailableBit":"true","LastActionCode":"NEWUNIT","LastActionDesc":"new-unit","VacantDate":"1\/1\/2019","VacantBit":"true"},"FloorPlan":{"FloorPlanID":"14","FloorPlanCode":"C1","FloorPlanName":"C1","FloorPlanGroupName":"3x2","FloorPlanGroupID":"Z000000007"},"UnitDetails":{"Bedrooms":"3","Bathrooms":"2","GrossSqFtCount":"1526","RentSqFtCount":"1526","FloorNumber":"0","NoteDescription":"Quick Connect Installed"}},{"PropertyNumberID":"1","BaseRentAmount":"2575.0000","FloorPlanMarketRent":"2550.0000","UnitMarketRent":"0.0000","NonRevenueFlag":"0","NonRefundFee":"0","DepositAmount":"150","Accessibility":{"HearingBit":"false","MobilityBit":"false","VisionBit":"false"},"Address":{"Address1":"1001 Ashford Circle Apt 210 ","BuildingID":"1","BuildingNumber":"N\/A","CityName":"Fredericksburg","CountryName":"US","CountyName":"Fredericksburg City","State":"VA","UnitID":"352","UnitNumber":"10-210","Zip":"22401"},"Availability":{"MadeReadyBit":"true","MadeReadyDate":"12\/3\/2019","AvailableDate":"1\/1\/2019","AvailableBit":"true","LastActionCode":"NEWUNIT","LastActionDesc":"new-unit","VacantDate":"1\/1\/2019","VacantBit":"true"},"FloorPlan":{"FloorPlanID":"14","FloorPlanCode":"C1","FloorPlanName":"C1","FloorPlanGroupName":"3x2","FloorPlanGroupID":"Z000000007"},"UnitDetails":{"Bedrooms":"3","Bathrooms":"2","GrossSqFtCount":"1526","RentSqFtCount":"1526","FloorNumber":"0","NoteDescription":"Quick Connect Installed"}},{"PropertyNumberID":"1","BaseRentAmount":"2575.0000","FloorPlanMarketRent":"2550.0000","UnitMarketRent":"0.0000","NonRevenueFlag":"0","NonRefundFee":"0","DepositAmount":"150","Accessibility":{"HearingBit":"false","MobilityBit":"false","VisionBit":"false"},"Address":{"Address1":"1101 Ashford Cirlce Apt 210 ","BuildingID":"1","BuildingNumber":"N\/A","CityName":"Fredericksburg","CountryName":"US","CountyName":"Fredericksburg City","State":"VA","UnitID":"355","UnitNumber":"11-210","Zip":"22401"},"Availability":{"MadeReadyBit":"true","MadeReadyDate":"12\/3\/2019","AvailableDate":"11\/15\/2019","AvailableBit":"true","LastActionCode":"SKIP","LastActionDesc":"lease-skip-entered","VacantDate":"11\/16\/2019","VacantBit":"true"},"FloorPlan":{"FloorPlanID":"14","FloorPlanCode":"C1","FloorPlanName":"C1","FloorPlanGroupName":"3x2","FloorPlanGroupID":"Z000000007"},"UnitDetails":{"Bedrooms":"3","Bathrooms":"2","GrossSqFtCount":"1526","RentSqFtCount":"1526","FloorNumber":"0","NoteDescription":"Quick Connect Installed"}}]}}}}