[{"status":0,"floorplan_id":"1","moveindate":"1970-01-01"},{"status":0,"floorplan_id":"2","moveindate":"1970-01-01"},{"status":0,"floorplan_id":"3","moveindate":"1970-01-01"},{"status":0,"floorplan_id":"4","moveindate":"1970-01-01"},{"status":0,"floorplan_id":"5","moveindate":"1970-01-01"},{"status":0,"floorplan_id":"6","moveindate":"1970-01-01"},{"status":0,"floorplan_id":"7","moveindate":"1970-01-01"},{"status":0,"floorplan_id":"8","moveindate":"1970-01-01"},{"status":0,"floorplan_id":"9","moveindate":"1970-01-01"},{"status":0,"floorplan_id":"10","moveindate":"1970-01-01"},{"status":0,"floorplan_id":"11","moveindate":"1970-01-01"},{"status":0,"floorplan_id":"13","moveindate":"1970-01-01"}]